{
  "images" : [
    {
      "filename" : "21191949_655233548019697_3927767541307542659_n_LE_upscale_balanced_x1_light_ai_30_remove_background_general_clip_to_object_off.png",
      "idiom" : "universal",
      "platform" : "ios",
      "size" : "1024x1024"
    },
    {
      "appearances" : [
        {
          "appearance" : "luminosity",
          "value" : "dark"
        }
      ],
      "filename" : "21191949_655233548019697_3927767541307542659_n_LE_upscale_balanced_x1_light_ai_30_remove_background_general_clip_to_object_off 1.png",
      "idiom" : "universal",
      "platform" : "ios",
      "size" : "1024x1024"
    },
    {
      "appearances" : [
        {
          "appearance" : "luminosity",
          "value" : "tinted"
        }
      ],
      "filename" : "21191949_655233548019697_3927767541307542659_n_LE_upscale_balanced_x1_light_ai_30_remove_background_general_clip_to_object_off 2.png",
      "idiom" : "universal",
      "platform" : "ios",
      "size" : "1024x1024"
    }
  ],
  "info" : {
    "author" : "xcode",
    "version" : 1
  }
}
