{
  "colors" : [
    {
      "color" : {
        "platform" : "universal",
        "reference" : "systemTealColor"
      },
      "idiom" : "universal"
    },
    {
      "appearances" : [
        {
          "appearance" : "luminosity",
          "value" : "dark"
        }
      ],
      "color" : {
        "platform" : "universal",
        "reference" : "systemTealColor"
      },
      "idiom" : "universal"
    },
    {
      "color" : {
        "platform" : "ios",
        "reference" : "systemTealColor"
      },
      "idiom" : "iphone"
    },
    {
      "appearances" : [
        {
          "appearance" : "luminosity",
          "value" : "dark"
        }
      ],
      "color" : {
        "platform" : "ios",
        "reference" : "systemTealColor"
      },
      "idiom" : "iphone"
    },
    {
      "color" : {
        "platform" : "ios",
        "reference" : "systemTealColor"
      },
      "idiom" : "ipad"
    },
    {
      "appearances" : [
        {
          "appearance" : "luminosity",
          "value" : "dark"
        }
      ],
      "color" : {
        "platform" : "ios",
        "reference" : "systemTealColor"
      },
      "idiom" : "ipad"
    },
    {
      "color" : {
        "platform" : "ios",
        "reference" : "systemTealColor"
      },
      "idiom" : "ipad",
      "subtype" : "mac-catalyst"
    },
    {
      "appearances" : [
        {
          "appearance" : "luminosity",
          "value" : "dark"
        }
      ],
      "color" : {
        "platform" : "ios",
        "reference" : "systemTealColor"
      },
      "idiom" : "ipad",
      "subtype" : "mac-catalyst"
    }
  ],
  "info" : {
    "author" : "xcode",
    "version" : 1
  }
}
